cmd,date
wrong cmd,13.08.2018
сравнить,13.08.2018
сравнить+атрибут,13.08.2018
help,13.08.2018
wrong cmd,13.08.2018
treemap,13.08.2018
wrong cmd,13.08.2018
treemap,13.08.2018
help,13.08.2018
сравнить,13.08.2018
сравнить+атрибут,13.08.2018
wrong cmd,13.08.2018
wrong cmd,13.08.2018
help,13.08.2018
help,13.08.2018
treemap,13.08.2018
сравнить,13.08.2018
сравнить+атрибут,13.08.2018
treemap,13.08.2018
wrong cmd,13.08.2018
help,13.08.2018
сравнить,13.08.2018
wrong cmd,13.08.2018
help,13.08.2018
treemap,13.08.2018
сравнить,13.08.2018
wrong cmd,13.08.2018
help,13.08.2018
сравнить,13.08.2018
сравнить+атрибут,13.08.2018
wrong cmd,14.08.2018
help,14.08.2018
treemap,14.08.2018
сравнить,14.08.2018
wrong cmd,15.08.2018
wrong cmd,15.08.2018
wrong cmd,15.08.2018
wrong cmd,15.08.2018
сравнить+атрибут,15.08.2018
wrong cmd,15.08.2018
сравнить+атрибут,15.08.2018
wrong cmd,15.08.2018
сравнить+атрибут,15.08.2018
сравнить+атрибут,15.08.2018
сравнить+атрибут,15.08.2018
wrong cmd,15.08.2018
treemap,15.08.2018
сравнить,15.08.2018
сравнить+атрибут,15.08.2018
wrong cmd,15.08.2018
wrong cmd,15.08.2018
treemap,15.08.2018
wrong cmd,15.08.2018
help,15.08.2018
wrong cmd,15.08.2018
wrong cmd,15.08.2018
wrong cmd,15.08.2018
wrong cmd,15.08.2018
wrong cmd,15.08.2018
wrong cmd,15.08.2018
wrong cmd,15.08.2018
help,15.08.2018
help,17.08.2018
wrong cmd,20.08.2018
help,20.08.2018
сравнить,20.08.2018
wrong_cmd,09.09.2018
help,09.09.2018
wrong_cmd,09.09.2018
wrong_cmd,09.09.2018
help,09.09.2018
treemap,09.09.2018
сравнить,09.09.2018
сравнить+атрибут,09.09.2018
logf,09.09.2018
treemap,09.09.2018
сравнить,09.09.2018
сравнить,09.09.2018
сравнить,09.09.2018
treemap,09.09.2018
сравнить,09.09.2018
сравнить,09.09.2018
сравнить,09.09.2018
сравнить,09.09.2018
сравнить,09.09.2018
сравнить,09.09.2018
сравнить+атрибут,09.09.2018
сравнить+атрибут,09.09.2018
сравнить+атрибут,09.09.2018
сравнить+атрибут,09.09.2018
сравнить,09.09.2018
сравнить,09.09.2018
сравнить,09.09.2018
сравнить,09.09.2018
сравнить,09.09.2018
сравнить,09.09.2018
treemap,09.09.2018
logf,09.09.2018
сравнить,09.09.2018
сравнить,09.09.2018
сравнить,09.09.2018
сравнить,09.09.2018
сравнить,09.09.2018
сравнить,09.09.2018
сравнить,09.09.2018
сравнить,09.09.2018
сравнить+атрибут,09.09.2018
сравнить+атрибут,09.09.2018
сравнить+атрибут,09.09.2018
сравнить,09.09.2018
сравнить,09.09.2018
сравнить+атрибут,09.09.2018
сравнить+атрибут,09.09.2018
сравнить+атрибут,09.09.2018
сравнить+атрибут,09.09.2018
сравнить,09.09.2018
сравнить,09.09.2018
сравнить+атрибут,09.09.2018
сравнить+атрибут,09.09.2018
сравнить+атрибут,09.09.2018
сравнить+атрибут,09.09.2018
сравнить+атрибут,09.09.2018
сравнить+атрибут,09.09.2018
сравнить,09.09.2018
сравнить+атрибут,10.09.2018
сравнить+атрибут,10.09.2018
сравнить+атрибут,10.09.2018
сравнить+атрибут,10.09.2018
сравнить+атрибут,10.09.2018
treemap,10.09.2018
сравнить+атрибут,10.09.2018
сравнить+атрибут,10.09.2018
сравнить+атрибут,10.09.2018
сравнить+атрибут,10.09.2018
сравнить+атрибут,10.09.2018
сравнить+атрибут,10.09.2018
сравнить+атрибут,10.09.2018
сравнить+атрибут,10.09.2018
wrong_cmd,10.09.2018
help,10.09.2018
treemap,10.09.2018
сравнить,10.09.2018
сравнить+атрибут,10.09.2018
logf,10.09.2018
сравнить+атрибут,10.09.2018
сравнить+атрибут,10.09.2018
сравнить+атрибут,10.09.2018
сравнить+атрибут,10.09.2018
сравнить+атрибут,10.09.2018
сравнить+атрибут,10.09.2018
wrong_cmd,11.09.2018
сравнить+атрибут,11.09.2018
сравнить+атрибут,11.09.2018
сравнить+атрибут,11.09.2018
сравнить+атрибут,11.09.2018
сравнить+атрибут,11.09.2018
сравнить+атрибут,11.09.2018
wrong_cmd,11.09.2018
help,11.09.2018
logf,11.09.2018
treemap,11.09.2018
help,11.09.2018
сравнить,11.09.2018
сравнить+атрибут,11.09.2018
сравнить+атрибут,11.09.2018
сравнить+атрибут,11.09.2018
сравнить+атрибут,12.09.2018
сравнить+атрибут,12.09.2018
сравнить+атрибут,12.09.2018
сравнить+атрибут,13.09.2018
сравнить+атрибут,14.09.2018
сравнить+атрибут,14.09.2018
сравнить+атрибут,14.09.2018
сравнить+атрибут,14.09.2018
сравнить+атрибут,14.09.2018
сравнить+атрибут,14.09.2018
сравнить+атрибут,14.09.2018
сравнить+атрибут,14.09.2018
сравнить+атрибут,14.09.2018
сравнить+атрибут,14.09.2018
сравнить+атрибут,14.09.2018
сравнить+атрибут,14.09.2018
сравнить+атрибут,14.09.2018
сравнить+атрибут,14.09.2018
сравнить+атрибут,14.09.2018
сравнить+атрибут,14.09.2018
сравнить+атрибут,15.09.2018
сравнить+атрибут,15.09.2018
сравнить+атрибут,15.09.2018
сравнить+атрибут,15.09.2018
сравнить,15.09.2018
сравнить+атрибут,15.09.2018
сравнить+атрибут,15.09.2018
сравнить,15.09.2018
сравнить+атрибут,15.09.2018
сравнить+атрибут,15.09.2018
сравнить+атрибут,15.09.2018
сравнить+атрибут,15.09.2018
сравнить+атрибут,15.09.2018
сравнить+атрибут,15.09.2018
сравнить+атрибут,15.09.2018
сравнить+атрибут,15.09.2018
сравнить+атрибут,15.09.2018
сравнить+атрибут,15.09.2018
treemap,15.09.2018
сравнить+атрибут,15.09.2018
сравнить+атрибут,15.09.2018
сравнить+атрибут,15.09.2018
сравнить+атрибут,16.09.2018
сравнить+атрибут,16.09.2018
wrong_cmd,16.09.2018
help,16.09.2018
treemap,16.09.2018
сравнить,16.09.2018
сравнить,16.09.2018
сравнить,16.09.2018
сравнить+атрибут,16.09.2018
logf,16.09.2018
help,16.09.2018
сравнить+атрибут,16.09.2018
сравнить+атрибут,16.09.2018
сравнить+атрибут,16.09.2018
сравнить+атрибут,16.09.2018
сравнить+атрибут,16.09.2018
сравнить+атрибут,16.09.2018
сравнить+атрибут,16.09.2018
сравнить,16.09.2018
logf,16.09.2018
treemap,16.09.2018
сравнить+атрибут,16.09.2018
сравнить+атрибут,16.09.2018
сравнить+атрибут,16.09.2018
сравнить+атрибут,16.09.2018
сравнить+атрибут,16.09.2018
сравнить+атрибут,16.09.2018
wrong_cmd,16.09.2018
сравнить,16.09.2018
treemap,16.09.2018
сравнить+атрибут,16.09.2018
help,16.09.2018
wrong_cmd,16.09.2018
help,16.09.2018
treemap,16.09.2018
сравнить,16.09.2018
сравнить+атрибут,16.09.2018
treemap,16.09.2018
сравнить+атрибут,16.09.2018
сравнить+атрибут,16.09.2018
сравнить+атрибут,16.09.2018
сравнить+атрибут,16.09.2018
сравнить+атрибут,16.09.2018
сравнить+атрибут,16.09.2018
сравнить+атрибут,16.09.2018
сравнить+атрибут,16.09.2018
сравнить+атрибут,16.09.2018
сравнить+атрибут,16.09.2018
сравнить+атрибут,16.09.2018
сравнить+атрибут,16.09.2018
сравнить+атрибут,16.09.2018
сравнить+атрибут,16.09.2018
сравнить+атрибут,16.09.2018
сравнить+атрибут,16.09.2018
сравнить,16.09.2018
сравнить+атрибут,16.09.2018
сравнить+атрибут,16.09.2018
сравнить+атрибут,16.09.2018
сравнить+атрибут,16.09.2018
сравнить+атрибут,16.09.2018
treemap,16.09.2018
сравнить+атрибут,16.09.2018
сравнить+атрибут,16.09.2018
сравнить+атрибут,16.09.2018
сравнить+атрибут,16.09.2018
сравнить+атрибут,16.09.2018
help,16.09.2018
сравнить+атрибут,16.09.2018
wrong_cmd,16.09.2018
logf,16.09.2018
сравнить+атрибут,16.09.2018
сравнить+атрибут,16.09.2018
treemap,16.09.2018
сравнить+атрибут,17.09.2018
wrong_cmd,22.09.2018
treemap,22.09.2018
logf,22.09.2018
wrong_cmd,08.10.2018
help,08.10.2018
logf,08.10.2018
treemap,08.10.2018
wrong_cmd,08.10.2018
treemap,08.10.2018
treemap_by_region,08.10.2018
treemap,08.10.2018
treemap_by_region,08.10.2018
treemap_by_region,08.10.2018
treemap,08.10.2018
treemap_by_region,08.10.2018
treemap_by_region,08.10.2018
wrong_cmd,08.10.2018
help,08.10.2018
treemap,08.10.2018
treemap_by_region,08.10.2018
сравнить,08.10.2018
wrong_cmd,08.10.2018
help,08.10.2018
сравнить+атрибут,08.10.2018
сравнить+атрибут,08.10.2018
сравнить+атрибут,08.10.2018
wrong_cmd,10.10.2018
wrong_cmd,10.10.2018
treemap,10.10.2018
treemap,10.10.2018
wrong_cmd,10.10.2018
treemap,10.10.2018
сравнить,10.10.2018
сравнить+атрибут,10.10.2018
treemap_by_region,10.10.2018
treemap,10.10.2018
treemap,10.10.2018
treemap_by_region,10.10.2018
сравнить+атрибут,10.10.2018
help,11.10.2018
help,11.10.2018
treemap,11.10.2018
treemap,11.10.2018
сравнить+атрибут,11.10.2018
сравнить+атрибут,11.10.2018
help,12.10.2018
help,12.10.2018
help,12.10.2018
help,12.10.2018
logf,12.10.2018
help,12.10.2018
help,12.10.2018
help,12.10.2018
help,12.10.2018
help,12.10.2018
wrong_cmd,12.10.2018
logf,12.10.2018
treemap_by_region,12.10.2018
treemap_by_region,12.10.2018
treemap,12.10.2018
treemap,15.10.2018
wrong_cmd,15.10.2018
treemap_by_region,15.10.2018
treemap_by_region,15.10.2018
treemap_by_region,15.10.2018
treemap_by_region,15.10.2018
treemap_by_region,15.10.2018
treemap_by_region,15.10.2018
wrong_cmd,15.10.2018
treemap_by_region,15.10.2018
treemap_by_region,15.10.2018
wrong_cmd,15.10.2018
treemap_by_region,15.10.2018
treemap_by_region,15.10.2018
treemap_by_region,15.10.2018
treemap_by_region,15.10.2018
wrong_cmd,15.10.2018
treemap_by_region,15.10.2018
treemap_by_region,15.10.2018
treemap_by_region,15.10.2018
treemap_by_region,15.10.2018
treemap_by_region,15.10.2018
treemap_by_region,15.10.2018
treemap_by_region,15.10.2018
treemap_by_region,15.10.2018
treemap_by_region,15.10.2018
treemap_by_region,15.10.2018
wrong_cmd,15.10.2018
wrong_cmd,15.10.2018
treemap_by_region,15.10.2018
treemap_by_region,15.10.2018
treemap_by_region,15.10.2018
wrong_cmd,15.10.2018
help,15.10.2018
treemap,15.10.2018
treemap,15.10.2018
wrong_cmd,15.10.2018
treemap_by_region,15.10.2018
wrong_cmd,15.10.2018
wrong_cmd,15.10.2018
treemap_by_region,15.10.2018
treemap_by_region,15.10.2018
treemap_by_region,15.10.2018
сравнить,15.10.2018
сравнить+атрибут,15.10.2018
сравнить+атрибут,15.10.2018
treemap,15.10.2018
сравнить+атрибут,15.10.2018
treemap,15.10.2018
treemap_by_region,15.10.2018
treemap,15.10.2018
help,15.10.2018
treemap,15.10.2018
treemap_by_region,15.10.2018
treemap_by_region,15.10.2018
treemap,15.10.2018
wrong_cmd,15.10.2018
help,15.10.2018
treemap,15.10.2018
treemap_by_region,15.10.2018
treemap_by_region,15.10.2018
wrong_cmd,15.10.2018
treemap_by_region,15.10.2018
treemap_by_region,15.10.2018
wrong_cmd,15.10.2018
treemap_by_region,15.10.2018
treemap_by_region,15.10.2018
treemap_by_region,15.10.2018
treemap_by_region,15.10.2018
treemap_by_region,15.10.2018
treemap_by_region,16.10.2018
treemap_by_region,16.10.2018
treemap,23.10.2018
treemap_by_region,23.10.2018
treemap_by_region,23.10.2018
treemap,23.10.2018
treemap,23.10.2018
wrong_cmd,23.10.2018
help,23.10.2018
treemap,23.10.2018
treemap,23.10.2018
treemap_by_region,23.10.2018
treemap,23.10.2018
treemap_by_region,23.10.2018
treemap_by_region,23.10.2018
treemap,23.10.2018
treemap_by_region,23.10.2018
treemap_by_region,23.10.2018
treemap,23.10.2018
treemap_by_region,23.10.2018
treemap_by_region,23.10.2018
treemap,23.10.2018
treemap_by_region,23.10.2018
treemap_by_region,23.10.2018
treemap_by_region,23.10.2018
treemap,23.10.2018
treemap_by_region,23.10.2018
treemap_by_region,23.10.2018
treemap,23.10.2018
treemap,23.10.2018
treemap,23.10.2018
treemap,23.10.2018
treemap,23.10.2018
treemap,23.10.2018
treemap_by_region,23.10.2018
treemap_by_region,23.10.2018
treemap,23.10.2018
treemap_by_region,23.10.2018
treemap_by_region,23.10.2018
treemap,23.10.2018
treemap_by_region,23.10.2018
treemap_by_region,23.10.2018
treemap_by_region,23.10.2018
treemap_by_region,23.10.2018
treemap_by_region,23.10.2018
treemap_by_region,23.10.2018
wrong_cmd,23.10.2018
treemap_by_region,23.10.2018
treemap,23.10.2018
treemap_by_region,23.10.2018
treemap_by_region,23.10.2018
treemap,23.10.2018
treemap_by_region,23.10.2018
сравнить+атрибут,23.10.2018
help,23.10.2018
сравнить+атрибут,23.10.2018
сравнить+атрибут,23.10.2018
treemap_by_region,23.10.2018
treemap,23.10.2018
treemap,23.10.2018
treemap_by_region,23.10.2018
treemap_by_region,23.10.2018
wrong_cmd,23.10.2018
help,23.10.2018
treemap,23.10.2018
treemap_by_region,23.10.2018
treemap_by_region,23.10.2018
treemap_by_region,23.10.2018
treemap_by_region,23.10.2018
wrong_cmd,23.10.2018
treemap_by_region,23.10.2018
сравнить,23.10.2018
сравнить,23.10.2018
help,23.10.2018
сравнить+атрибут,23.10.2018
logf,23.10.2018
help,23.10.2018
treemap,23.10.2018
treemap_by_region,23.10.2018
сравнить,23.10.2018
сравнить+атрибут,23.10.2018
logf,23.10.2018
wrong_cmd,24.10.2018
help,24.10.2018
wrong_cmd,24.10.2018
treemap_by_region,24.10.2018
treemap_by_region,24.10.2018
сравнить+атрибут,24.10.2018
сравнить+атрибут,24.10.2018
help,24.10.2018
treemap_by_region,24.10.2018
help,25.10.2018
treemap_by_region,25.10.2018
treemap_by_region,25.10.2018
wrong_cmd,25.10.2018
treemap_by_region,25.10.2018
wrong_cmd,25.10.2018
treemap_by_region,25.10.2018
wrong_cmd,25.10.2018
treemap_by_region,25.10.2018
wrong_cmd,26.10.2018
сравнить+атрибут,26.10.2018
сравнить+атрибут,26.10.2018
сравнить+атрибут,26.10.2018
сравнить+атрибут,26.10.2018
сравнить+атрибут,26.10.2018
сравнить+атрибут,26.10.2018
сравнить+атрибут,26.10.2018
сравнить+атрибут,26.10.2018
сравнить+атрибут,26.10.2018
сравнить+атрибут,26.10.2018
сравнить+атрибут,26.10.2018
wrong_cmd,26.10.2018
сравнить+атрибут,26.10.2018
сравнить+атрибут,26.10.2018
сравнить+атрибут,26.10.2018
сравнить+атрибут,26.10.2018
wrong_cmd,26.10.2018
help,26.10.2018
wrong_cmd,27.10.2018
treemap,27.10.2018
treemap_by_region,27.10.2018
treemap_by_region,27.10.2018
treemap_by_region,27.10.2018
treemap_by_region,27.10.2018
сравнить+атрибут,27.10.2018
сравнить+атрибут,27.10.2018
help,27.10.2018
treemap_by_region,27.10.2018
treemap_by_region,27.10.2018
treemap_by_region,27.10.2018
treemap_by_region,27.10.2018
treemap_by_region,27.10.2018
treemap_by_region,27.10.2018
treemap_by_region,27.10.2018
treemap_by_region,27.10.2018
treemap_by_region,27.10.2018
treemap_by_region,27.10.2018
treemap_by_region,27.10.2018
treemap_by_region,27.10.2018
treemap_by_region,27.10.2018
treemap_by_region,27.10.2018
treemap,27.10.2018
treemap_by_region,27.10.2018
wrong_cmd,27.10.2018
treemap_by_region,27.10.2018
treemap_by_region,27.10.2018
treemap,27.10.2018
treemap_by_region,27.10.2018
treemap,27.10.2018
treemap_by_region,27.10.2018
treemap_by_region,27.10.2018
treemap_by_region,27.10.2018
treemap_by_region,27.10.2018
treemap_by_region,27.10.2018
treemap_by_region,27.10.2018
treemap,27.10.2018
treemap_by_region,27.10.2018
treemap_by_region,27.10.2018
treemap,27.10.2018
treemap_by_region,27.10.2018
treemap,27.10.2018
treemap_by_region,27.10.2018
wrong_cmd,27.10.2018
treemap,27.10.2018
treemap_by_region,27.10.2018
сравнить,27.10.2018
wrong_cmd,27.10.2018
help,27.10.2018
treemap,27.10.2018
treemap_by_region,27.10.2018
treemap_by_region,27.10.2018
treemap_by_region,27.10.2018
wrong_cmd,27.10.2018
treemap_by_region,27.10.2018
treemap_by_region,27.10.2018
treemap_by_region,27.10.2018
wrong_cmd,27.10.2018
treemap_by_region,27.10.2018
treemap_by_region,27.10.2018
treemap_by_region,27.10.2018
сравнить+атрибут,27.10.2018
сравнить+атрибут,27.10.2018
сравнить,27.10.2018
сравнить+атрибут,27.10.2018
treemap,27.10.2018
treemap_by_region,27.10.2018
help,28.10.2018
treemap_by_region,28.10.2018
treemap_by_region,28.10.2018
treemap_by_region,28.10.2018
treemap_by_region,28.10.2018
treemap_by_region,30.10.2018
treemap_by_region,30.10.2018
treemap,30.10.2018
treemap_by_region,30.10.2018
treemap_by_region,30.10.2018
treemap_by_region,30.10.2018
wrong_cmd,30.10.2018
help,30.10.2018
treemap,30.10.2018
treemap_by_region,30.10.2018
сравнить,30.10.2018
сравнить+атрибут,30.10.2018
help,30.10.2018
wrong_cmd,30.10.2018
treemap,30.10.2018
treemap_by_region,30.10.2018
treemap,30.10.2018